wind_scen,price_scen,imb_scen,profit_EUR
w1,p1,i1,114008.64561835107
w1,p1,i2,92698.7600531915
w1,p1,i3,99153.52245678192
w1,p1,i4,73128.27645611703
w1,p2,i1,72506.91348736703
w1,p2,i2,56970.8081582447
w1,p2,i3,64383.786971409594
w1,p2,i4,44717.52010970746
w1,p3,i1,58572.67544215426
w1,p3,i2,44457.75047207446
w1,p3,i3,49002.28977061171
w1,p3,i4,30855.058946143614
w1,p4,i1,119754.52217420215
w1,p4,i2,97904.69140625004
w1,p4,i3,104346.53911236706
w1,p4,i4,75725.54043550536
w1,p5,i1,85367.05683843086
w1,p5,i2,67232.83415226065
w1,p5,i3,75468.76003989362
w1,p5,i4,51534.14062167553
w1,p6,i1,107790.27726728725
w1,p6,i2,84908.01672207449
w1,p6,i3,94665.87308843088
w1,p6,i4,65395.28170545216
w1,p7,i1,87608.29741023938
w1,p7,i2,67679.58358710108
w1,p7,i3,78923.68460106384
w1,p7,i4,55166.476057180866
w1,p8,i1,5689.97661901596
w1,p8,i2,4516.1320511968115
w1,p8,i3,5605.298055186172
w1,p8,i4,3303.3212134308537
w1,p9,i1,3425.0876263297882
w1,p9,i2,2628.826605718086
w1,p9,i3,2566.370548537235
w1,p9,i4,1430.6201496010653
w1,p10,i1,30080.028989361712
w1,p10,i2,23900.942898936184
w1,p10,i3,24588.128148271284
w1,p10,i4,14812.054953457457
w1,p11,i1,80475.99821476064
w1,p11,i2,63339.22435505319
w1,p11,i3,69552.83191156916
w1,p11,i4,46727.3766256649
w1,p12,i1,116282.86782912233
w1,p12,i2,93771.18699135639
w1,p12,i3,100169.95491356384
w1,p12,i4,71320.95184840426
w1,p13,i1,155705.68085771278
w1,p13,i2,127024.24275265957
w1,p13,i3,134890.81057180854
w1,p13,i4,98598.35541555853
w1,p14,i1,121620.92752327128
w1,p14,i2,98169.40230718086
w1,p14,i3,106188.03726396277
w1,p14,i4,75947.52002327128
w1,p15,i1,64571.38720412235
w1,p15,i2,53073.90789561172
w1,p15,i3,58442.83983045214
w1,p15,i4,43758.58014960108
w1,p16,i1,70559.4384906915
w1,p16,i2,55566.04556515958
w1,p16,i3,61118.14930851064
w1,p16,i4,40983.20220744682
w1,p17,i1,66870.32922207449
w1,p17,i2,53414.913494015986
w1,p17,i3,57084.06721409577
w1,p17,i4,39322.83454787237
w1,p18,i1,126852.66876329789
w1,p18,i2,101748.38711768619
w1,p18,i3,111057.13687167555
w1,p18,i4,80341.1706582447
w1,p19,i1,67330.98345079788
w1,p19,i2,53867.136346409585
w1,p19,i3,60517.905917553195
w1,p19,i4,44037.51277260639
w1,p20,i1,19066.36586436171
w1,p20,i2,14920.036047207452
w1,p20,i3,16923.72558510639
w1,p20,i4,12760.35875997341
w2,p1,i1,47295.51016954788
w2,p1,i2,21349.59613696808
w2,p1,i3,30034.46235039895
w2,p1,i4,-587.450142952117
w2,p2,i1,31734.22815159575
w2,p2,i2,13843.39456781916
w2,p2,i3,23268.08033244683
w2,p2,i4,353.2350797872432
w2,p3,i1,41635.65599734043
w2,p3,i2,25996.19994680852
w2,p3,i3,32903.5089793883
w2,p3,i4,13518.11055851064
w2,p4,i1,41504.03651263301
w2,p4,i2,15120.706243351091
w2,p4,i3,23474.093357712794
w2,p4,i4,-10844.560501994652
w2,p5,i1,42155.87410239364
w2,p5,i2,20282.20478058512
w2,p5,i3,32211.404235372353
w2,p5,i4,4304.491439494689
w2,p6,i1,52123.79600066491
w2,p6,i2,25052.52648936172
w2,p6,i3,38609.704368351086
w2,p6,i4,4598.458417553217
w2,p7,i1,38235.27441821809
w2,p7,i2,14688.575987367034
w2,p7,i3,29450.27049534575
w2,p7,i4,1066.4697140957558
w2,p8,i1,2387.5806250000014
w2,p8,i2,1189.6534807180874
w2,p8,i3,2481.5578723404265
w2,p8,i4,-28.532224069147077
w2,p9,i1,2669.2558045212772
w2,p9,i2,1881.9406582446813
w2,p9,i3,1804.008909574469
w2,p9,i4,604.7729122340434
w2,p10,i1,14898.993769946816
w2,p10,i2,7953.43835438831
w2,p10,i3,9225.04244015958
w2,p10,i4,-2037.263111702122
w2,p11,i1,43793.22902593086
w2,p11,i2,23839.792985372354
w2,p11,i3,32509.900821143634
w2,p11,i4,6775.038231383003
w2,p12,i1,56171.55381648936
w2,p12,i2,30028.621768617035
w2,p12,i3,38826.22303856383
w2,p12,i4,5851.825196143629
w2,p13,i1,68142.51021609044
w2,p13,i2,33442.991595744694
w2,p13,i3,45054.30323138299
w2,p13,i4,2114.399378324477
w2,p14,i1,56167.17135970745
w2,p14,i2,28920.70019946809
w2,p14,i3,39431.58047872341
w2,p14,i4,4536.292516622349
w2,p15,i1,21378.243374335114
w2,p15,i2,7273.362101063848
w2,p15,i3,14068.012978723411
w2,p15,i4,-4195.283922872329
w2,p16,i1,39541.0595212766
w2,p16,i2,21924.39571143618
w2,p16,i3,30089.273507313832
w2,p16,i4,7304.759348404265
w2,p17,i1,29672.72581781916
w2,p17,i2,14595.039361702136
w2,p17,i3,19124.695744680874
w2,p17,i4,-1133.6302559840224
w2,p18,i1,55735.3783344415
w2,p18,i2,25972.547177526612
w2,p18,i3,38943.79290558513
w2,p18,i4,3248.4633444149113
w2,p19,i1,23416.639697473416
w2,p19,i2,7706.388161569158
w2,p19,i3,15939.781316489372
w2,p19,i4,-3768.245442154251
w2,p20,i1,2206.0751928191544
w2,p20,i2,-2950.382493351062
w2,p20,i3,-204.27483377659172
w2,p20,i4,-5532.975744680851
w3,p1,i1,660811.0783730053
w3,p1,i2,665941.0311562499
w3,p1,i3,670948.8241402926
w3,p1,i4,678066.7701954787
w3,p2,i1,413218.1762074468
w3,p2,i2,415046.35002659576
w3,p2,i3,415040.3537367021
w3,p2,i4,419890.4233523936
w3,p3,i1,320496.411987367
w3,p3,i2,319576.4456648936
w3,p3,i3,320525.04432712763
w3,p3,i4,321107.85869281914
w3,p4,i1,695833.7292227393
w3,p4,i2,701435.8510146276
w3,p4,i3,703247.8869621011
w3,p4,i4,712038.9425465425
w3,p5,i1,474183.5794827127
w3,p5,i2,476221.9740804521
w3,p5,i3,477935.169012633
w3,p5,i4,482416.8089228723
w3,p6,i1,601428.6456968085
w3,p6,i2,604658.6648942819
w3,p6,i3,605413.2716283244
w3,p6,i4,611957.6602147606
w3,p7,i1,479777.8458430851
w3,p7,i2,481973.0653517287
w3,p7,i3,482377.98569880315
w3,p7,i4,488548.8413503989
w3,p8,i1,37100.81898537234
w3,p8,i2,36999.81423005319
w3,p8,i3,36729.3996662234
w3,p8,i4,37003.675827127656
w3,p9,i1,18907.93174069149
w3,p9,i2,18795.31122273936
w3,p9,i3,18749.97665425532
w3,p9,i4,18894.874579787233
w3,p10,i1,172973.92630252658
w3,p10,i2,172783.34823670212
w3,p10,i3,172181.84370013297
w3,p10,i4,173752.61593018615
w3,p11,i1,461028.58340757975
w3,p11,i2,462440.79975465423
w3,p11,i3,464701.1883377659
w3,p11,i4,468239.2714554521
w3,p12,i1,662343.5078776595
w3,p12,i2,664925.0808417553
w3,p12,i3,668042.6431356383
w3,p12,i4,673864.454886968
w3,p13,i1,886477.634299867
w3,p13,i2,892551.5436875
w3,p13,i3,895999.755855718
w3,p13,i4,906103.9349900265
w3,p14,i1,702053.3808291223
w3,p14,i2,705568.9408264627
w3,p14,i3,707981.7805465425
w3,p14,i4,715515.4681489362
w3,p15,i1,368738.8984488032
w3,p15,i2,372491.205755984
w3,p15,i3,373207.8835618351
w3,p15,i4,379339.30907513294
w3,p16,i1,398400.8982240691
w3,p16,i2,398968.39227127656
w3,p16,i3,401575.60036968085
w3,p16,i4,404060.4764341755
w3,p17,i1,382110.60316888295
w3,p17,i2,383075.75795212766
w3,p17,i3,383582.36371210107
w3,p17,i4,386955.6523730053
w3,p18,i1,721663.8433603724
w3,p18,i2,725297.4567533245
w3,p18,i3,727678.7288065159
w3,p18,i4,734471.8436389627
w3,p19,i1,385434.8968357713
w3,p19,i2,387453.59628324467
w3,p19,i3,387712.7295206117
w3,p19,i4,392462.74943284574
w3,p20,i1,118368.9059587766
w3,p20,i2,119341.9120718085
w3,p20,i3,118949.17547606383
w3,p20,i4,120369.6706449468
w4,p1,i1,544723.6799155585
w4,p1,i2,544687.3299547873
w4,p1,i3,551319.906975399
w4,p1,i4,553442.4167898936
w4,p2,i1,313521.074068484
w4,p2,i2,310644.7846369681
w4,p2,i3,313176.6863956117
w4,p2,i4,311554.8553889628
w4,p3,i1,321011.7842925532
w4,p3,i2,319937.42077992024
w4,p3,i3,323339.38693284575
w4,p3,i4,324709.4065113032
w4,p4,i1,513714.35062367027
w4,p4,i2,511337.8083929522
w4,p4,i3,515557.9078144947
w4,p4,i4,513677.79961303197
w4,p5,i1,416015.8128570479
w4,p5,i2,415432.7162506649
w4,p5,i3,419513.4421881649
w4,p5,i4,420635.81620611704
w4,p6,i1,502571.79127859045
w4,p6,i2,500855.4389089096
w4,p6,i3,505011.5580392287
w4,p6,i4,505472.7884408245
w4,p7,i1,381094.4895844415
w4,p7,i2,378667.87325
w4,p7,i3,381222.48134109046
w4,p7,i4,380103.10477460106
w4,p8,i1,25927.388513297872
w4,p8,i2,25474.57394547872
w4,p8,i3,25792.108761303192
w4,p8,i4,25162.401449468085
w4,p9,i1,15520.92438231383
w4,p9,i2,15285.688427526597
w4,p9,i3,15298.67154587766
w4,p9,i4,15156.051555851065
w4,p10,i1,130470.364
w4,p10,i2,128937.22343949469
w4,p10,i3,129246.2589481383
w4,p10,i4,127576.73258710107
w4,p11,i1,406767.816793883
w4,p11,i2,406028.7983045213
w4,p11,i3,410616.23033111705
w4,p11,i4,411757.16326595744
w4,p12,i1,550176.1706030585
w4,p12,i2,548238.7720644947
w4,p12,i3,553764.1338829787
w4,p12,i4,554289.2012094415
w4,p13,i1,718813.8882220745
w4,p13,i2,717858.5525
w4,p13,i3,723959.7391103724
w4,p13,i4,725940.2760019947
w4,p14,i1,559544.9462413564
w4,p14,i2,557204.0192047872
w4,p14,i3,562197.2711801862
w4,p14,i4,562186.5699235372
w4,p15,i1,255214.5181888298
w4,p15,i2,253947.57616422873
w4,p15,i3,255842.9167898936
w4,p15,i4,254873.20592021276
w4,p16,i1,363849.58979654254
w4,p16,i2,363709.9073617021
w4,p16,i3,367568.7222406915
w4,p16,i4,369063.0218025266
w4,p17,i1,289922.72173603723
w4,p17,i2,286598.77559109044
w4,p17,i3,289981.79178590426
w4,p17,i4,287524.7156868351
w4,p18,i1,598866.3631030585
w4,p18,i2,596941.6988051862
w4,p18,i3,602436.9049973404
w4,p18,i4,603364.3423164893
w4,p19,i1,277552.25206449465
w4,p19,i2,274667.46458111703
w4,p19,i3,277069.55004720745
w4,p19,i4,274928.2879168883
w4,p20,i1,81200.96410704788
w4,p20,i2,80281.72334042554
w4,p20,i3,80945.12460571808
w4,p20,i4,80368.84955385639
w5,p1,i1,199070.56766289892
w5,p1,i2,181340.36518417552
w5,p1,i3,188030.20916223404
w5,p1,i4,168735.2110405585
w5,p2,i1,128507.34851728723
w5,p2,i2,115776.29428590425
w5,p2,i3,121733.00151595745
w5,p2,i4,106605.37513630319
w5,p3,i1,149199.1756449468
w5,p3,i2,138881.37138297872
w5,p3,i3,144993.81782247341
w5,p3,i4,133830.87610704786
w5,p4,i1,182145.67780585107
w5,p4,i2,163391.0150019947
w5,p4,i3,168614.04229055851
w5,p4,i4,145328.98324468086
w5,p5,i1,176845.16656914895
w5,p5,i2,162493.9983976064
w5,p5,i3,170882.26259640956
w5,p5,i4,153906.67970079786
w5,p6,i1,208455.80926529254
w5,p6,i2,190014.64406050532
w5,p6,i3,199435.83703789895
w5,p6,i4,178033.38617021276
w5,p7,i1,161806.03379654256
w5,p7,i2,145806.25007180852
w5,p7,i3,154918.65895611703
w5,p7,i4,136672.20857712766
w5,p8,i1,11324.85881981383
w5,p8,i2,10354.77535305851
w5,p8,i3,11307.274873670212
w5,p8,i4,9456.994956781917
w5,p9,i1,7564.334072473404
w5,p9,i2,6959.793492686171
w5,p9,i3,6974.212061170213
w5,p9,i4,6169.053690159575
w5,p10,i1,57487.12881981383
w5,p10,i2,52445.59159906915
w5,p10,i3,53402.750325797875
w5,p10,i4,45676.039936835106
w5,p11,i1,168428.9101961436
w5,p11,i2,154982.64476795212
w5,p11,i3,161890.83464095744
w5,p11,i4,146070.13481715426
w5,p12,i1,219485.31494015956
w5,p12,i2,201579.47541023936
w5,p12,i3,208189.21111037233
w5,p12,i4,187530.7467287234
w5,p13,i1,274383.62894281914
w5,p13,i2,250823.11863896277
w5,p13,i3,258865.29975398935
w5,p13,i4,231970.87018284574
w5,p14,i1,218556.84464095745
w5,p14,i2,199409.5356988032
w5,p14,i3,206779.64552194148
w5,p14,i4,184286.5272706117
w5,p15,i1,90557.91718417553
w5,p15,i2,80453.40806117022
w5,p15,i3,84082.02490359043
w5,p15,i4,71564.60667220745
w5,p16,i1,155461.30945146276
w5,p16,i2,144049.61732579785
w5,p16,i3,150369.85835771274
w5,p16,i4,136827.2691755319
w5,p17,i1,118186.0422406915
w5,p17,i2,107371.2527819149
w5,p17,i3,110527.21293550533
w5,p17,i4,97004.02304521279
w5,p18,i1,236740.65300531915
w5,p18,i2,216596.02196808512
w5,p18,i3,225494.96803523935
w5,p18,i4,203356.20254654257
w5,p19,i1,108049.04934175532
w5,p19,i2,96877.14385172873
w5,p19,i3,101482.86836436171
w5,p19,i4,88223.27245678191
w5,p20,i1,30168.30899933511
w5,p20,i2,26528.97760638298
w5,p20,i3,28074.686901595745
w5,p20,i4,24484.218271276597
w6,p1,i1,564116.7087865692
w6,p1,i2,565890.5975019947
w6,p1,i3,566669.3028776596
w6,p1,i4,570914.2450259308
w6,p2,i1,425353.3724507979
w6,p2,i2,427418.17439960106
w6,p2,i3,425338.73129388294
w6,p2,i4,431679.8723005319
w6,p3,i1,315646.50470013294
w6,p3,i2,314567.3742632979
w6,p3,i3,314430.16523071803
w6,p3,i4,314990.46048936166
w6,p4,i1,645455.976587766
w6,p4,i2,649770.9359408244
w6,p4,i3,647472.6010046543
w6,p4,i4,656805.5553284575
w6,p5,i1,463261.84737101063
w6,p5,i2,464220.8193510638
w6,p5,i3,463589.004505984
w6,p5,i4,467897.2805944149
w6,p6,i1,587576.6432426862
w6,p6,i2,589686.1033537234
w6,p6,i3,587869.5122227394
w6,p6,i4,594510.7653863032
w6,p7,i1,503561.5959767287
w6,p7,i2,506377.61289162235
w6,p7,i3,504271.78921874997
w6,p7,i4,512443.50533577125
w6,p8,i1,44952.22975332447
w6,p8,i2,45086.98783710106
w6,p8,i3,44636.12611037234
w6,p8,i4,45467.156153590426
w6,p9,i1,21893.12440093085
w6,p9,i2,21878.326269281915
w6,p9,i3,21827.504579122342
w6,p9,i4,22176.586733377662
w6,p10,i1,198875.90711835105
w6,p10,i2,199380.34725664894
w6,p10,i3,198489.99378590425
w6,p10,i4,201843.7201256649
w6,p11,i1,432090.9197360372
w6,p11,i2,432164.0512918883
w6,p11,i3,432167.1066230053
w6,p11,i4,435090.8532047872
w6,p12,i1,620475.2283118351
w6,p12,i2,621874.5491183511
w6,p12,i3,621284.8750079788
w6,p12,i4,627015.0528843085
w6,p13,i1,804543.9699268617
w6,p13,i2,807696.6736602393
w6,p13,i3,806415.2152001329
w6,p13,i4,814993.5986702128
w6,p14,i1,662735.5636316489
w6,p14,i2,664686.0032632978
w6,p14,i3,663510.4915578457
w6,p14,i4,670991.0764760638
w6,p15,i1,357999.69087034574
w6,p15,i2,361125.6158304521
w6,p15,i3,359364.60721143615
w6,p15,i4,366098.08151795215
w6,p16,i1,380736.04702327127
w6,p16,i2,380599.4211595745
w6,p16,i3,381016.1366735372
w6,p16,i4,383416.17596343084
w6,p17,i1,396850.0898776596
w6,p17,i2,398810.01055585104
w6,p17,i3,396767.5644148936
w6,p17,i4,402334.15372672875
w6,p18,i1,671687.6225538563
w6,p18,i2,673869.839068484
w6,p18,i3,672534.2382307181
w6,p18,i4,678734.0752154255
w6,p19,i1,398534.1337878989
w6,p19,i2,401251.6221881649
w6,p19,i3,398986.00795146276
w6,p19,i4,405620.1133836436
w6,p20,i1,125175.42259175533
w6,p20,i2,126066.28104321808
w6,p20,i3,125711.15607646276
w6,p20,i4,127152.11604188831
w7,p1,i1,533898.8949933511
w7,p1,i2,534136.7983736702
w7,p1,i3,536922.4253138298
w7,p1,i4,540614.5935039894
w7,p2,i1,400466.8671303192
w7,p2,i2,401719.3154095745
w7,p2,i3,400568.4613663564
w7,p2,i4,405886.92949667556
w7,p3,i1,313993.0714102394
w7,p3,i2,312383.97651595745
w7,p3,i3,315890.8885106383
w7,p3,i4,317199.9422054521
w7,p4,i1,608701.7634355053
w7,p4,i2,611439.0358976064
w7,p4,i3,610592.7085990692
w7,p4,i4,618213.6597047873
w7,p5,i1,434022.27800398937
w7,p5,i2,433332.8265817819
w7,p5,i3,435477.02193683514
w7,p5,i4,438843.63893085107
w7,p6,i1,553738.6311855053
w7,p6,i2,553987.9648277926
w7,p6,i3,555387.0861675532
w7,p6,i4,560740.2016090426
w7,p7,i1,459353.53365625005
w7,p7,i2,460294.8527234043
w7,p7,i3,459775.9011289894
w7,p7,i4,465471.26768683514
w7,p8,i1,44142.35934840426
w7,p8,i2,44300.59474601064
w7,p8,i3,43960.438145611704
w7,p8,i4,44732.07078523937
w7,p9,i1,21581.30894082447
w7,p9,i2,21588.934482712768
w7,p9,i3,21630.956529255323
w7,p9,i4,21974.213156250004
w7,p10,i1,195705.62336768617
w7,p10,i2,196235.42304055853
w7,p10,i3,196054.21135172874
w7,p10,i4,199159.46653125001
w7,p11,i1,418068.1615232713
w7,p11,i2,417229.37271875003
w7,p11,i3,419950.2351961436
w7,p11,i4,422932.8962160904
w7,p12,i1,593522.3307180852
w7,p12,i2,593572.9370764628
w7,p12,i3,595649.7291276596
w7,p12,i4,600850.3615857713
w7,p13,i1,757898.039924867
w7,p13,i2,758417.1219454787
w7,p13,i3,760920.714856383
w7,p13,i4,767670.2809222074
w7,p14,i1,628996.6379840425
w7,p14,i2,629647.3755797873
w7,p14,i3,630551.4509082447
w7,p14,i4,637096.7430093086
w7,p15,i1,321359.23884773935
w7,p15,i2,323061.79518550535
w7,p15,i3,321356.9304694149
w7,p15,i4,326148.24000000005
w7,p16,i1,360848.71306515957
w7,p16,i2,359539.883962766
w7,p16,i3,362548.5673503989
w7,p16,i4,364665.29261103726
w7,p17,i1,388517.78251994686
w7,p17,i2,389936.09339295217
w7,p17,i3,389202.1059933511
w7,p17,i4,394233.21875864366
w7,p18,i1,638147.9472107713
w7,p18,i2,638513.2913962766
w7,p18,i3,640514.6229355054
w7,p18,i4,645776.9043257979
w7,p19,i1,372387.8397253989
w7,p19,i2,374069.0641801862
w7,p19,i3,372442.55521542556
w7,p19,i4,377566.3148683511
w7,p20,i1,121365.46093351065
w7,p20,i2,122164.75309574469
w7,p20,i3,121699.56865159575
w7,p20,i4,122985.12694680852
w8,p1,i1,517733.1784162234
w8,p1,i2,516980.1281216755
w8,p1,i3,520228.52432579786
w8,p1,i4,523041.69955119677
w8,p2,i1,344667.2540279255
w8,p2,i2,342883.4653630319
w8,p2,i3,342524.3613005319
w8,p2,i4,344761.09332779254
w8,p3,i1,324416.1422918883
w8,p3,i2,323158.2022460106
w8,p3,i3,326379.53702260635
w8,p3,i4,328389.003887633
w8,p4,i1,525915.0918231383
w8,p4,i2,524334.2660478724
w8,p4,i3,524314.8328996011
w8,p4,i4,527026.1772526596
w8,p5,i1,426245.21088630316
w8,p5,i2,425488.2515784574
w8,p5,i3,427536.42283776595
w8,p5,i4,430601.33543085103
w8,p6,i1,519680.7616243351
w8,p6,i2,518117.10246010637
w8,p6,i3,519741.27407912235
w8,p6,i4,523217.8873836436
w8,p7,i1,415514.6931868351
w8,p7,i2,414091.80721542554
w8,p7,i3,413973.882268617
w8,p7,i4,416917.4553630319
w8,p8,i1,33525.548910904254
w8,p8,i2,33187.370885638295
w8,p8,i3,33187.50043284574
w8,p8,i4,33256.21973071808
w8,p9,i1,18114.768263962767
w8,p9,i2,17915.80700332447
w8,p9,i3,17963.418809840427
w8,p9,i4,18083.87092420213
w8,p10,i1,157277.7568111702
w8,p10,i2,156223.46161901596
w8,p10,i3,156039.10124268616
w8,p10,i4,157025.78756914893
w8,p11,i1,407887.9350571808
w8,p11,i2,406722.93745345745
w8,p11,i3,409637.41914893617
w8,p11,i4,412199.04070478724
w8,p12,i1,555738.3289793882
w8,p12,i2,553957.2393989362
w8,p12,i3,556323.4660319149
w8,p12,i4,559787.263262633
w8,p13,i1,712301.3387985372
w8,p13,i2,710851.5559567818
w8,p13,i3,713057.7931635638
w8,p13,i4,717932.3349148936
w8,p14,i1,572236.8646329787
w8,p14,i2,569984.7594507978
w8,p14,i3,571487.6611728723
w8,p14,i4,575092.5760418882
w8,p15,i1,272242.5961263298
w8,p15,i2,271410.45842220745
w8,p15,i3,270441.236755984
w8,p15,i4,272450.0390731383
w8,p16,i1,365554.7581549202
w8,p16,i2,364880.1040585106
w8,p16,i3,367656.46403390955
w8,p16,i4,370210.34198271274
w8,p17,i1,323397.0884049202
w8,p17,i2,321633.8947646277
w8,p17,i3,321868.9883610372
w8,p17,i4,323661.1325711436
w8,p18,i1,601747.1152632978
w8,p18,i2,600263.2774720745
w8,p18,i3,602200.3418051861
w8,p18,i4,605912.4852220744
w8,p19,i1,310008.02888829785
w8,p19,i2,308637.3370206117
w8,p19,i3,307589.9772885638
w8,p19,i4,309558.1791003989
w8,p20,i1,95988.1617287234
w8,p20,i2,95784.95990026595
w8,p20,i3,95367.87059906915
w8,p20,i4,95817.47458976063
w9,p1,i1,255783.76783045213
w9,p1,i2,240107.5768849734
w9,p1,i3,246170.57451263297
w9,p1,i4,230996.4457047872
w9,p2,i1,224528.15893949466
w9,p2,i2,216055.35013962764
w9,p2,i3,219867.60208444146
w9,p2,i4,212803.0578125
w9,p3,i1,174311.5164261968
w9,p3,i2,164410.06193816487
w9,p3,i3,170760.49113031913
w9,p3,i4,161124.62055851062
w9,p4,i1,312768.0325984043
w9,p4,i2,300154.87507646275
w9,p4,i3,302651.1748224734
w9,p4,i4,291117.5405352394
w9,p5,i1,232948.78931715424
w9,p5,i2,219479.49216090425
w9,p5,i3,227691.30651795212
w9,p5,i4,214873.3142386968
w9,p6,i1,300248.77152127656
w9,p6,i2,285151.13584773935
w9,p6,i3,293177.32803390955
w9,p6,i4,279242.42618351063
w9,p7,i1,261251.41248670212
w9,p7,i2,249524.04057845744
w9,p7,i3,256469.159787234
w9,p7,i4,246993.7513331117
w9,p8,i1,26656.34174135638
w9,p8,i2,26331.195319148934
w9,p8,i3,26675.586385638293
w9,p8,i4,26419.061788563828
w9,p9,i1,13977.09650199468
w9,p9,i2,13652.045472074467
w9,p9,i3,13595.923779255318
w9,p9,i4,13393.575285904255
w9,p10,i1,116937.44346542552
w9,p10,i2,113881.51148271275
w9,p10,i3,114510.04520744679
w9,p10,i4,112114.49300199468
w9,p11,i1,220909.4292480053
w9,p11,i2,208584.61754986702
w9,p11,i3,215386.04146542551
w9,p11,i4,203499.78017952127
w9,p12,i1,312617.5564753989
w9,p12,i2,297906.24161569146
w9,p12,i3,303556.2412460106
w9,p12,i4,289983.1074301861
w9,p13,i1,388599.9580405585
w9,p13,i2,368633.7235505319
w9,p13,i3,376019.6519135638
w9,p13,i4,357481.18369680847
w9,p14,i1,335329.6740492021
w9,p14,i2,320570.55332779256
w9,p14,i3,326167.00329454785
w9,p14,i4,313024.0369148936
w9,p15,i1,176415.63866223404
w9,p15,i2,170134.11766954788
w9,p15,i3,171846.0810192819
w9,p15,i4,166724.2496875
w9,p16,i1,194092.32307978722
w9,p16,i2,182848.4225930851
w9,p16,i3,189550.30481183509
w9,p16,i4,178722.2051761968
w9,p17,i1,216033.69074268616
w9,p17,i2,209615.90374002658
w9,p17,i3,211125.91855518616
w9,p17,i4,205663.64938829787
w9,p18,i1,327471.9718829787
w9,p18,i2,310617.72684507974
w9,p18,i3,318576.93951595743
w9,p18,i4,302901.7909441489
w9,p19,i1,205482.11885638296
w9,p19,i2,198770.02386635635
w9,p19,i3,201403.28637965422
w9,p19,i4,196146.67101063827
w9,p20,i1,59478.69224002659
w9,p20,i2,57037.910083111696
w9,p20,i3,58852.886748005316
w9,p20,i4,56729.735019946806
w10,p1,i1,536011.3028131649
w10,p1,i2,536220.0734454787
w10,p1,i3,536477.6236303191
w10,p1,i4,540919.9046097074
w10,p2,i1,396365.7980026596
w10,p2,i2,397462.2513636968
w10,p2,i3,394582.90852327127
w10,p2,i4,400180.3873716755
w10,p3,i1,329476.24084840424
w10,p3,i2,328277.35107180855
w10,p3,i3,330283.69936702127
w10,p3,i4,332878.43374534574
w10,p4,i1,591096.9818111702
w10,p4,i2,593040.616049867
w10,p4,i3,590196.2873836437
w10,p4,i4,597293.6916795213
w10,p5,i1,446371.30175465427
w10,p5,i2,446209.00181848404
w10,p5,i3,445909.81035837764
w10,p5,i4,450445.0276555851
w10,p6,i1,558077.5361043883
w10,p6,i2,558276.4122047873
w10,p6,i3,557181.7342533245
w10,p6,i4,563277.9793484043
w10,p7,i1,459034.02540292556
w10,p7,i2,459758.55378125
w10,p7,i3,457096.6076482713
w10,p7,i4,462907.73334109044
w10,p8,i1,42410.64666755319
w10,p8,i2,42432.955144281914
w10,p8,i3,42049.39838231383
w10,p8,i4,42649.85804454787
w10,p9,i1,20889.238061170214
w10,p9,i2,20849.906393617024
w10,p9,i3,20871.82178257979
w10,p9,i4,21198.914537234046
w10,p10,i1,189251.90077526597
w10,p10,i2,189607.18567220744
w10,p10,i3,188841.61820611704
w10,p10,i4,191766.11270545213
w10,p11,i1,425443.28944414895
w10,p11,i2,424900.0371057181
w10,p11,i3,425522.7002779255
w10,p11,i4,429515.4885551862
w10,p12,i1,595290.8501476063
w10,p12,i2,595385.0974009308
w10,p12,i3,594901.4846256649
w10,p12,i4,601034.4071668884
w10,p13,i1,755364.8033517287
w10,p13,i2,755739.8044261968
w10,p13,i3,754892.5784900266
w10,p13,i4,762560.3730890958
w10,p14,i1,623398.8201535904
w10,p14,i2,623693.89909375
w10,p14,i3,622008.5706582447
w10,p14,i4,629027.6944660904
w10,p15,i1,307004.83047340426
w10,p15,i2,308100.93387034576
w10,p15,i3,304884.5486389628
w10,p15,i4,309183.28164428193
w10,p16,i1,371460.35959375
w10,p16,i2,370586.3105545213
w10,p16,i3,371605.35282180854
w10,p16,i4,374765.0557087766
w10,p17,i1,380727.97366289893
w10,p17,i2,382030.5781515958
w10,p17,i3,379637.0091968085
w10,p17,i4,384905.60054654256
w10,p18,i1,646132.5719095744
w10,p18,i2,646762.2698517287
w10,p18,i3,645768.9511323138
w10,p18,i4,652292.8168257979
w10,p19,i1,365062.4857014628
w10,p19,i2,366569.58706981386
w10,p19,i3,363098.4495199468
w10,p19,i4,368280.18495412235
w10,p20,i1,122965.04339428192
w10,p20,i2,124015.76923803192
w10,p20,i3,122637.11873005319
w10,p20,i4,124275.83267952128
w11,p1,i1,453472.2853198138
w11,p1,i2,449318.4434980053
w11,p1,i3,453008.33548204787
w11,p1,i4,451854.27543218085
w11,p2,i1,339477.7443517287
w11,p2,i2,337969.65350066486
w11,p2,i3,337857.56704255316
w11,p2,i4,340113.4461502659
w11,p3,i1,277822.48865093087
w11,p3,i2,274090.27572340425
w11,p3,i3,278070.66987167555
w11,p3,i4,276901.1091755319
w11,p4,i1,510098.26513364364
w11,p4,i2,508379.77442287235
w11,p4,i3,508342.1061176862
w11,p4,i4,510794.13816156914
w11,p5,i1,374478.1873051862
w11,p5,i2,370262.72002127656
w11,p5,i3,373968.3463291223
w11,p5,i4,373182.5847805851
w11,p6,i1,474523.85794015956
w11,p6,i2,470381.23485771276
w11,p6,i3,473368.144825133
w11,p6,i4,473739.4266323138
w11,p7,i1,391866.7213676862
w11,p7,i2,388917.25087034574
w11,p7,i3,390321.66683710105
w11,p7,i4,391786.4652260638
w11,p8,i1,37206.28454255319
w11,p8,i2,37254.25251329787
w11,p8,i3,37067.359572473404
w11,p8,i4,37577.74605718085
w11,p9,i1,18918.01196675532
w11,p9,i2,18857.070710106385
w11,p9,i3,18798.776890292553
w11,p9,i4,19045.53649268617
w11,p10,i1,165952.89054787235
w11,p10,i2,165617.69864627658
w11,p10,i3,165229.85253723405
w11,p10,i4,167041.08338763297
w11,p11,i1,360636.8366735372
w11,p11,i2,356843.07054255315
w11,p11,i3,360286.1513118351
w11,p11,i4,359711.580987367
w11,p12,i1,507443.7886203457
w11,p12,i2,503343.43936635635
w11,p12,i3,506136.0411323138
w11,p12,i4,506627.8360904255
w11,p13,i1,644271.7563291223
w11,p13,i2,638885.1306090425
w11,p13,i3,642573.4582260638
w11,p13,i4,642759.2742519947
w11,p14,i1,535399.8242134309
w11,p14,i2,531773.5741635638
w11,p14,i3,533491.7998650266
w11,p14,i4,535180.1146409574
w11,p15,i1,267112.120825133
w11,p15,i2,266310.7890398936
w11,p15,i3,265244.27877460106
w11,p15,i4,267271.46141954785
w11,p16,i1,313884.2019162234
w11,p16,i2,310029.2363663564
w11,p16,i3,313749.213018617
w11,p16,i4,312735.4137832447
w11,p17,i1,326593.09719082445
w11,p17,i2,325661.29383976065
w11,p17,i3,325240.83695412235
w11,p17,i4,327574.3377360372
w11,p18,i1,544799.3032147606
w11,p18,i2,540176.8662972074
w11,p18,i3,543900.2788344414
w11,p18,i4,543736.3573238031
w11,p19,i1,311485.018193484
w11,p19,i2,310567.0465511968
w11,p19,i3,309887.9180625
w11,p19,i4,312214.84690824465
w11,p20,i1,99140.39645478723
w11,p20,i2,99067.15211635637
w11,p20,i3,99273.97149401595
w11,p20,i4,99756.45217752659
w12,p1,i1,755321.22253125
w12,p1,i2,763567.7104767287
w12,p1,i3,767754.0576662234
w12,p1,i4,781459.7347420213
w12,p2,i1,529032.2527007979
w12,p2,i2,535096.7440099734
w12,p2,i3,532405.6451994681
w12,p2,i4,544924.451268617
w12,p3,i1,412224.6674900266
w12,p3,i2,414281.10904787236
w12,p3,i3,416687.3580339096
w12,p3,i4,423296.3208550532
w12,p4,i1,832887.0573045213
w12,p4,i2,843539.8247247341
w12,p4,i3,842674.6713942819
w12,p4,i4,861328.1523324468
w12,p5,i1,587885.192668218
w12,p5,i2,593289.0220884308
w12,p5,i3,594371.5716535904
w12,p5,i4,606289.6693337766
w12,p6,i1,745053.7482353724
w12,p6,i2,752952.2736190159
w12,p6,i3,752478.1767273936
w12,p6,i4,768510.0573178192
w12,p7,i1,611749.9720571808
w12,p7,i2,619042.4840964095
w12,p7,i3,616270.7618178191
w12,p7,i4,630925.3683111703
w12,p8,i1,54485.29977992021
w12,p8,i2,54879.08138763298
w12,p8,i3,54137.4326974734
w12,p8,i4,55586.958730718085
w12,p9,i1,26766.58623869681
w12,p9,i2,26928.35519481383
w12,p9,i3,26950.74726662234
w12,p9,i4,27645.44451662234
w12,p10,i1,244429.55920146278
w12,p10,i2,246474.58363297873
w12,p10,i3,245778.23978789893
w12,p10,i4,252058.47121409574
w12,p11,i1,566693.3952426862
w12,p11,i2,571350.651700133
w12,p11,i3,573674.73346875
w12,p11,i4,584460.2913690159
w12,p12,i1,806153.0367273936
w12,p12,i2,813435.3859634309
w12,p12,i3,815823.0576090425
w12,p12,i4,831255.622137633
w12,p13,i1,1047091.5097566489
w12,p13,i2,1057964.7956296543
w12,p13,i3,1060796.7253011968
w12,p13,i4,1081564.146206117
w12,p14,i1,854166.3260831117
w12,p14,i2,862565.6002726064
w12,p14,i3,863123.5640093085
w12,p14,i4,880877.0100744681
w12,p15,i1,443477.5618111702
w12,p15,i2,449795.106393617
w12,p15,i3,447825.7931655585
w12,p15,i4,459110.8751855053
w12,p16,i1,491555.83538031916
w12,p16,i2,494932.4221090425
w12,p16,i3,497853.0026662234
w12,p16,i4,506704.8591356383
w12,p17,i1,502884.274481383
w12,p17,i2,508143.00827327126
w12,p17,i3,507059.0251529255
w12,p17,i4,518133.1167859043
w12,p18,i1,871061.5185246011
w12,p18,i2,879768.5807839095
w12,p18,i3,880899.2038789893
w12,p18,i4,897282.0267772607
w12,p19,i1,493327.8545644947
w12,p19,i2,499370.6373710106
w12,p19,i3,496608.17962699465
w12,p19,i4,508079.3952845745
w12,p20,i1,158011.0910425532
w12,p20,i2,160268.84398404256
w12,p20,i3,159225.8078337766
w12,p20,i4,162197.99036569148
w13,p1,i1,891680.2194215425
w13,p1,i2,905986.7150684841
w13,p1,i3,910568.9292805851
w13,p1,i4,931313.7724966755
w13,p2,i1,589322.531537234
w13,p2,i2,598076.0155651596
w13,p2,i3,594877.5075877659
w13,p2,i4,610515.977387633
w13,p3,i1,486484.85029055853
w13,p3,i2,491678.4271881649
w13,p3,i3,493916.0678863032
w13,p3,i4,504674.4328231383
w13,p4,i1,944425.7613291224
w13,p4,i2,959900.0078198138
w13,p4,i3,959139.9378031915
w13,p4,i4,983231.855293883
w13,p5,i1,682825.3751655585
w13,p5,i2,692876.7936948139
w13,p5,i3,693132.0902420213
w13,p5,i4,710670.7324893617
w13,p6,i1,855818.0202140957
w13,p6,i2,869041.0079793883
w13,p6,i3,867612.2379388298
w13,p6,i4,889973.7751030585
w13,p7,i1,687731.7023105053
w13,p7,i2,699067.0887393617
w13,p7,i3,694750.9549375001
w13,p7,i4,713765.7241821808
w13,p8,i1,57524.170082446806
w13,p8,i2,57956.588295212765
w13,p8,i3,57198.65682180851
w13,p8,i4,58759.21814295213
w13,p9,i1,29234.179897606384
w13,p9,i2,29461.4545
w13,p9,i3,29539.933572473405
w13,p9,i4,30334.051971409575
w13,p10,i1,264406.86071875
w13,p10,i2,267167.8457519947
w13,p10,i3,266653.77851396275
w13,p10,i4,273880.4413849734
w13,p11,i1,662658.3619853723
w13,p11,i2,671611.3277140957
w13,p11,i3,673835.7870405585
w13,p11,i4,689952.2186635638
w13,p12,i1,930850.48903125
w13,p12,i2,943413.2980771277
w13,p12,i3,945999.3419980053
w13,p12,i4,967768.5960997341
w13,p13,i1,1216577.9554388297
w13,p13,i2,1235071.085030585
w13,p13,i3,1237759.7794986703
w13,p13,i4,1267402.987719415
w13,p14,i1,978732.8375119681
w13,p14,i2,992435.6661136968
w13,p14,i3,992944.5625944149
w13,p14,i4,1016968.8580425532
w13,p15,i1,497799.2041542553
w13,p15,i2,506783.6560618351
w13,p15,i3,504496.62954720744
w13,p15,i4,518587.74997207447
w13,p16,i1,578935.6436908244
w13,p16,i2,586267.2903111702
w13,p16,i3,588926.2454760638
w13,p16,i4,602674.4799394946
w13,p17,i1,554981.2263803192
w13,p17,i2,562233.5133164894
w13,p17,i3,561768.8374660905
w13,p17,i4,575256.4230033244
w13,p18,i1,1006985.2739109042
w13,p18,i2,1021713.2795212766
w13,p18,i3,1022172.2964640957
w13,p18,i4,1045643.1416216756
w13,p19,i1,544327.603837101
w13,p19,i2,552689.6539767287
w13,p19,i3,549464.7991296542
w13,p19,i4,563419.7387632979
w13,p20,i1,171092.80074335105
w13,p20,i2,174022.45262832448
w13,p20,i3,172716.28449135637
w13,p20,i4,176351.58287034574
w14,p1,i1,565548.0022659574
w14,p1,i2,566934.7536429521
w14,p1,i3,570462.4918191489
w14,p1,i4,576534.8206715425
w14,p2,i1,359634.2505412234
w14,p2,i2,359090.9848025266
w14,p2,i3,357939.6428331117
w14,p2,i4,361864.55417819147
w14,p3,i1,364239.6707386968
w14,p3,i2,364425.7773390957
w14,p3,i3,367815.51471409574
w14,p3,i4,372512.6540398936
w14,p4,i1,550361.8964022606
w14,p4,i2,551160.4161881648
w14,p4,i3,550008.8912380319
w14,p4,i4,555498.1246875001
w14,p5,i1,466394.81322938827
w14,p5,i2,467575.1943989362
w14,p5,i3,469471.86886901595
w14,p5,i4,475450.81706914894
w14,p6,i1,559163.5472819149
w14,p6,i2,559680.1915890957
w14,p6,i3,560870.5324474734
w14,p6,i4,567497.0000917553
w14,p7,i1,437999.8853118351
w14,p7,i2,438287.83293284575
w14,p7,i3,437249.8203723404
w14,p7,i4,442203.53128656914
w14,p8,i1,34174.88284773936
w14,p8,i2,34023.76680651595
w14,p8,i3,33838.06402659574
w14,p8,i4,34082.98464627659
w14,p9,i1,19138.107359042555
w14,p9,i2,19039.726170212765
w14,p9,i3,19014.839682845744
w14,p9,i4,19267.88267287234
w14,p10,i1,163551.61810172873
w14,p10,i2,163510.7329900266
w14,p10,i3,162548.89393484042
w14,p10,i4,164585.31035039894
w14,p11,i1,450950.7881675532
w14,p11,i2,451743.3904614361
w14,p11,i3,454687.55356050533
w14,p11,i4,460294.18331648933
w14,p12,i1,599365.7079946809
w14,p12,i2,599849.1161283244
w14,p12,i3,601972.4768091756
w14,p12,i4,608886.2475013298
w14,p13,i1,766327.8133617021
w14,p13,i2,767586.0857918883
w14,p13,i3,769676.1773357713
w14,p13,i4,778656.3504035904
w14,p14,i1,611493.1009793882
w14,p14,i2,611446.6391303191
w14,p14,i3,612451.09315625
w14,p14,i4,619302.6968949467
w14,p15,i1,280163.54969880317
w14,p15,i2,280209.37953856384
w14,p15,i3,278896.5256682181
w14,p15,i4,281826.1677712766
w14,p16,i1,408289.1857154255
w14,p16,i2,409532.8383916223
w14,p16,i3,412311.9394474734
w14,p16,i4,417750.6214906915
w14,p17,i1,334979.6904182181
w14,p17,i2,334508.6796994681
w14,p17,i3,334169.2498929521
w14,p17,i4,337647.55630319146
w14,p18,i1,647085.2514109042
w14,p18,i2,647913.0612466756
w14,p18,i3,649459.5031043882
w14,p18,i4,656771.3308038564
w14,p19,i1,317782.020706117
w14,p19,i2,317603.7217300532
w14,p19,i3,315648.1635292553
w14,p19,i4,318955.9997466755
w14,p20,i1,97664.39892885638
w14,p20,i2,97745.97492287234
w14,p20,i3,97039.90288896275
w14,p20,i4,97828.34540824467
w15,p1,i1,259141.99687499998
w15,p1,i2,244297.67807446807
w15,p1,i3,252325.93222074467
w15,p1,i4,237562.58901595743
w15,p2,i1,187986.1815525266
w15,p2,i2,177878.60450265958
w15,p2,i3,183728.04236369682
w15,p2,i4,173475.81748005317
w15,p3,i1,174966.2653557181
w15,p3,i2,165625.46116356383
w15,p3,i3,172333.51701795214
w15,p3,i4,163292.81855718084
w15,p4,i1,272567.89379654254
w15,p4,i2,258315.96604787235
w15,p4,i3,263352.79244680854
w15,p4,i4,247845.6481981383
w15,p5,i1,224293.9369182181
w15,p5,i2,211458.84323138298
w15,p5,i3,221142.40826462765
w15,p5,i4,207974.67777925532
w15,p6,i1,277396.77528257977
w15,p6,i2,262020.73624601064
w15,p6,i3,271996.78859375
w15,p6,i4,256400.88563164894
w15,p7,i1,227781.34845412234
w15,p7,i2,214796.1235844415
w15,p7,i3,224244.63950797872
w15,p7,i4,211760.52580452128
w15,p8,i1,19346.541499335104
w15,p8,i2,18711.743113031913
w15,p8,i3,19412.739860372338
w15,p8,i4,18432.43638630319
w15,p9,i1,11394.712932180852
w15,p9,i2,10951.282839760637
w15,p9,i3,10934.58722406915
w15,p9,i4,10483.154744015957
w15,p10,i1,90457.62372672872
w15,p10,i2,86421.65270611702
w15,p10,i3,87536.87181515957
w15,p10,i4,82732.02860039893
w15,p11,i1,215774.71651263296
w15,p11,i2,204035.73838231384
w15,p11,i3,212034.35865026596
w15,p11,i4,199983.35449135638
w15,p12,i1,292254.74726396275
w15,p12,i2,277354.52164827124
w15,p12,i3,284917.5923603723
w15,p12,i4,269913.3551961436
w15,p13,i1,370193.6517652925
w15,p13,i2,350644.83812898933
w15,p13,i3,360153.48187832447
w15,p13,i4,340473.3991988032
w15,p14,i1,305160.77112034574
w15,p14,i2,289679.3633690159
w15,p14,i3,297710.75354720745
w15,p14,i4,282056.262137633
w15,p15,i1,149628.63014627658
w15,p15,i2,142241.25992220745
w15,p15,i3,146247.49545545212
w15,p15,i4,138412.7538663564
w15,p16,i1,195026.4552692819
w15,p16,i2,184745.11774667553
w15,p16,i3,192474.08291888298
w15,p16,i4,181970.09122007978
w15,p17,i1,174722.2290492021
w15,p17,i2,166420.0326150266
w15,p17,i3,169724.8800299202
w15,p17,i4,160837.69490359043
w15,p18,i1,308029.38584773935
w15,p18,i2,291056.71592087764
w15,p18,i3,300830.55648271274
w15,p18,i4,284141.87899268616
w15,p19,i1,165779.34756648936
w15,p19,i2,157269.49452526594
w15,p19,i3,161946.05100066488
w15,p19,i4,153344.08626662233
w15,p20,i1,44359.28354388297
w15,p20,i2,41257.0522706117
w15,p20,i3,43373.80732047872
w15,p20,i4,40452.88797539893
w16,p1,i1,517281.2558277925
w16,p1,i2,516355.2115006649
w16,p1,i3,520844.88559707446
w16,p1,i4,522594.4854893617
w16,p2,i1,367682.9391968085
w16,p2,i2,367446.36478523933
w16,p2,i3,367135.27419281914
w16,p2,i4,370834.53054521274
w16,p3,i1,281628.30924534576
w16,p3,i2,278442.96577659575
w16,p3,i3,282067.6754381649
w16,p3,i4,281013.3728218085
w16,p4,i1,577589.9164401595
w16,p4,i2,578786.2676176862
w16,p4,i3,579261.2397659575
w16,p4,i4,584841.4983603723
w16,p5,i1,403455.2451974734
w16,p5,i2,401445.8608783244
w16,p5,i3,404647.1760452128
w16,p5,i4,405853.2700385638
w16,p6,i1,512630.94512433506
w16,p6,i2,510930.325125
w16,p6,i3,513508.89641090424
w16,p6,i4,516197.3758723404
w16,p7,i1,421858.1215917553
w16,p7,i2,420735.18204255315
w16,p7,i3,421981.3889966755
w16,p7,i4,425562.2973457447
w16,p8,i1,38630.9320206117
w16,p8,i2,38616.41709973404
w16,p8,i3,38335.01821010638
w16,p8,i4,38829.2353956117
w16,p9,i1,18728.12104055851
w16,p9,i2,18617.976043218085
w16,p9,i3,18613.546484707447
w16,p9,i4,18826.496136968086
w16,p10,i1,173177.02857579786
w16,p10,i2,173016.61157845744
w16,p10,i3,172514.26032180848
w16,p10,i4,174691.57977260638
w16,p11,i1,390101.02804720745
w16,p11,i2,387993.7493863032
w16,p11,i3,391383.9000591755
w16,p11,i4,392202.9564707447
w16,p12,i1,554059.9686968084
w16,p12,i2,552216.2339015957
w16,p12,i3,555374.9060611702
w16,p12,i4,557951.5058743351
w16,p13,i1,718939.4944055851
w16,p13,i2,717398.2294847073
w16,p13,i3,721497.2453344414
w16,p13,i4,725342.8845764627
w16,p14,i1,589025.0631230053
w16,p14,i2,587730.8992227393
w16,p14,i3,589944.8243982713
w16,p14,i4,593956.2617340425
w16,p15,i1,307568.1336708776
w16,p15,i2,308547.51367287233
w16,p15,i3,307998.98441156914
w16,p15,i4,312101.5113636968
w16,p16,i1,337453.023481383
w16,p16,i2,334953.30449135636
w16,p16,i3,338767.8721602393
w16,p16,i4,338832.7083517287
w16,p17,i1,350820.8666615691
w16,p17,i2,350892.71825465426
w16,p17,i3,350344.63309375
w16,p17,i4,353835.41498204786
w16,p18,i1,597512.6183676862
w16,p18,i2,595843.5466841755
w16,p18,i3,599226.7281442819
w16,p18,i4,601779.2711708776
w16,p19,i1,343458.8897672872
w16,p19,i2,344013.7782347074
w16,p19,i3,343151.55613962765
w16,p19,i4,347239.8870219415
w16,p20,i1,112618.85429720744
w16,p20,i2,113230.23163763297
w16,p20,i3,112778.24299268617
w16,p20,i4,113993.4799049202
w17,p1,i1,583547.6278045212
w17,p1,i2,585379.8957347075
w17,p1,i3,589368.181356383
w17,p1,i4,594476.4538045212
w17,p2,i1,431098.0973949468
w17,p2,i2,433424.7345292553
w17,p2,i3,432116.4015452128
w17,p2,i4,438931.9030006649
w17,p3,i1,315956.11263896275
w17,p3,i2,314300.0321855053
w17,p3,i3,317541.84254787234
w17,p3,i4,318443.3882613032
w17,p4,i1,669422.8926668883
w17,p4,i2,674123.0244561171
w17,p4,i3,673825.4856888298
w17,p4,i4,683975.5097779256
w17,p5,i1,457836.9557918883
w17,p5,i2,457864.1862174202
w17,p5,i3,460445.41223005316
w17,p5,i4,464549.40485438827
w17,p6,i1,587862.0163876329
w17,p6,i2,589250.0682859042
w17,p6,i3,590825.4535605053
w17,p6,i4,597474.1147313829
w17,p7,i1,489892.3547885638
w17,p7,i2,491630.2658410904
w17,p7,i3,491657.08724335104
w17,p7,i4,498761.4813823138
w17,p8,i1,46658.44977327127
w17,p8,i2,46874.78243816489
w17,p8,i3,46349.772031914894
w17,p8,i4,47290.901327127656
w17,p9,i1,22234.253929521277
w17,p9,i2,22260.460782579787
w17,p9,i3,22268.926305851066
w17,p9,i4,22669.060704787233
w17,p10,i1,205463.10829920214
w17,p10,i2,206233.33162632977
w17,p10,i3,205711.39560571808
w17,p10,i4,209462.39473537233
w17,p11,i1,442676.3580505319
w17,p11,i2,442640.7672832447
w17,p11,i3,445526.57125797874
w17,p11,i4,449208.83067885635
w17,p12,i1,634959.7503144947
w17,p12,i2,636198.0844182181
w17,p12,i3,638855.3543550532
w17,p12,i4,645313.519037234
w17,p13,i1,820438.7399401596
w17,p13,i2,822748.6745904256
w17,p13,i3,826412.963305851
w17,p13,i4,835087.6906549202
w17,p14,i1,679560.6649767287
w17,p14,i2,681745.3268756649
w17,p14,i3,683159.6644029255
w17,p14,i4,691557.4157041223
w17,p15,i1,361262.67844015954
w17,p15,i2,364330.42316954787
w17,p15,i3,363203.7259594415
w17,p15,i4,369880.9110625
w17,p16,i1,379757.8808976064
w17,p16,i2,378819.7048264628
w17,p16,i3,382341.13704255316
w17,p16,i4,384727.816568484
w17,p17,i1,414458.7806775266
w17,p17,i2,416835.2408244681
w17,p17,i3,415733.49333976064
w17,p17,i4,422082.80686901597
w17,p18,i1,682335.5813198138
w17,p18,i2,684031.6186715425
w17,p18,i3,686521.3266462766
w17,p18,i4,693086.2189980053
w17,p19,i1,405478.8741336436
w17,p19,i2,408359.77240625
w17,p19,i3,406653.17659042554
w17,p19,i4,413485.44241289893
w17,p20,i1,132521.82715359042
w17,p20,i2,133835.56558510638
w17,p20,i3,133003.25713829786
w17,p20,i4,134860.64365890957
w18,p1,i1,865640.706386968
w18,p1,i2,878390.9186110372
w18,p1,i3,884501.0285644947
w18,p1,i4,902938.2580372341
w18,p2,i1,557822.135519282
w18,p2,i2,565707.8159720744
w18,p2,i3,563199.0448085106
w18,p2,i4,576731.1848018616
w18,p3,i1,465670.4676396277
w18,p3,i2,469823.886825133
w18,p3,i3,472607.32006648934
w18,p3,i4,481836.7030285904
w18,p4,i1,903176.1565644947
w18,p4,i2,917107.8563091756
w18,p4,i3,917769.2199707447
w18,p4,i4,938540.2498636969
w18,p5,i1,655042.5243158245
w18,p5,i2,664046.7200691489
w18,p5,i3,665234.2212054521
w18,p5,i4,680640.8542347074
w18,p6,i1,817173.4553171543
w18,p6,i2,828884.5630405585
w18,p6,i3,828632.5269348404
w18,p6,i4,848095.6644926862
w18,p7,i1,651075.2757579787
w18,p7,i2,661069.6062679521
w18,p7,i3,657848.2631981383
w18,p7,i4,674200.3790239362
w18,p8,i1,52734.43397273936
w18,p8,i2,53084.49769547872
w18,p8,i3,52414.96675531915
w18,p8,i4,53609.069108377655
w18,p9,i1,26817.830967420214
w18,p9,i2,26986.75593882979
w18,p9,i3,27076.915170212767
w18,p9,i4,27710.694326462766
w18,p10,i1,244870.41384973403
w18,p10,i2,247356.12214428192
w18,p10,i3,246870.46383311172
w18,p10,i4,252813.0367101064
w18,p11,i1,635953.78521875
w18,p11,i2,643752.0144328458
w18,p11,i3,646981.0416356383
w18,p11,i4,660970.3311795213
w18,p12,i1,892514.6147679521
w18,p12,i2,903527.8848656915
w18,p12,i3,907402.0293158245
w18,p12,i4,926280.0100797872
w18,p13,i1,1169841.3835757978
w18,p13,i2,1186364.6009089095
w18,p13,i3,1190759.3332027926
w18,p13,i4,1216794.8979601064
w18,p14,i1,934986.5441043883
w18,p14,i2,947124.8712380319
w18,p14,i3,948995.0867267287
w18,p14,i4,969804.6493636968
w18,p15,i1,472381.1564215425
w18,p15,i2,480586.35328856384
w18,p15,i3,479199.89438829786
w18,p15,i4,491395.14032845746
w18,p16,i1,555193.7480804521
w18,p16,i2,561460.3411456117
w18,p16,i3,565029.2273457447
w18,p16,i4,576862.2278457447
w18,p17,i1,525040.3812140957
w18,p17,i2,531503.9551110372
w18,p17,i3,531561.3449394946
w18,p17,i4,543040.8139261968
w18,p18,i1,969303.7083716756
w18,p18,i2,982348.5127985373
w18,p18,i3,984146.1253351064
w18,p18,i4,1004797.9311788564
w18,p19,i1,515779.57084374997
w18,p19,i2,523349.4546230053
w18,p19,i3,520812.7514268617
w18,p19,i4,532860.1241156915
w18,p20,i1,164323.65438098405
w18,p20,i2,167184.57486968086
w18,p20,i3,165726.59303523935
w18,p20,i4,169184.3410917553
w19,p1,i1,750089.6599474734
w19,p1,i2,758090.635969415
w19,p1,i3,763021.7351097075
w19,p1,i4,776268.6866515958
w19,p2,i1,495574.07179521275
w19,p2,i2,499849.58239162236
w19,p2,i3,498191.77174202126
w19,p2,i4,507975.7042234043
w19,p3,i1,420533.0053191489
w19,p3,i2,422885.5862859042
w19,p3,i3,425793.14516755316
w19,p3,i4,432772.9875525266
w19,p4,i1,788484.6351083777
w19,p4,i2,797268.839806516
w19,p4,i3,797398.7259973405
w19,p4,i4,812799.4744946809
w19,p5,i1,582935.4240345744
w19,p5,i2,588180.1541416224
w19,p5,i3,589904.9242726064
w19,p5,i4,601103.3316469415
w19,p6,i1,725503.4081648936
w19,p6,i2,732368.7096821809
w19,p6,i3,733031.269537899
w19,p6,i4,747224.4663011968
w19,p7,i1,582945.7562320479
w19,p7,i2,588683.9144488032
w19,p7,i3,587044.2960226064
w19,p7,i4,598991.4435046542
w19,p8,i1,49448.42958710106
w19,p8,i2,49654.72383111702
w19,p8,i3,49087.235467420214
w19,p8,i4,50104.22053125
w19,p9,i1,24950.22735970745
w19,p9,i2,25037.23348537234
w19,p9,i3,25116.54258045213
w19,p9,i4,25655.572042553194
w19,p10,i1,225396.11119015957
w19,p10,i2,226847.7354700798
w19,p10,i3,226435.21736037233
w19,p10,i4,231253.92787167555
w19,p11,i1,564452.35321875
w19,p11,i2,569047.0926761968
w19,p11,i3,572103.633049867
w19,p11,i4,582423.6468590426
w19,p12,i1,784558.7285219415
w19,p12,i2,790977.3605598405
w19,p12,i3,794204.5435385639
w19,p12,i4,808059.3878490692
w19,p13,i1,1022568.7421396277
w19,p13,i2,1032501.350362367
w19,p13,i3,1036357.9769109043
w19,p13,i4,1055285.9322214096
w19,p14,i1,823402.165418883
w19,p14,i2,830412.765575133
w19,p14,i3,832170.5545219415
w19,p14,i4,847470.0756788563
w19,p15,i1,413337.7066070479
w19,p15,i2,418035.9527646277
w19,p15,i3,417149.0501821809
w19,p15,i4,425827.7475113032
w19,p16,i1,497143.55137898936
w19,p16,i2,500915.6926755319
w19,p16,i3,504281.3644128989
w19,p16,i4,513176.4353796542
w19,p17,i1,464976.09374734043
w19,p17,i2,468502.52977992024
w19,p17,i3,468379.78325000004
w19,p17,i4,476813.78146609047
w19,p18,i1,848961.8748896277
w19,p18,i2,856670.7705844415
w19,p18,i3,858534.4837087765
w19,p18,i4,873410.3893430851
w19,p19,i1,454611.0876356383
w19,p19,i2,458803.3311695479
w19,p19,i3,456784.60133111704
w19,p19,i4,465439.32363962766
w19,p20,i1,145095.59129720746
w19,p20,i2,146674.8961156915
w19,p20,i3,145656.89224468087
w19,p20,i4,147862.6279827128
w20,p1,i1,464632.74265159573
w20,p1,i2,459596.0617539894
w20,p1,i3,463052.8442898936
w20,p1,i4,461526.31165957445
w20,p2,i1,382314.25593151595
w20,p2,i2,381062.05707845744
w20,p2,i3,380448.482643617
w20,p2,i4,384135.03287367016
w20,p3,i1,261216.57405585106
w20,p3,i2,255705.1487878989
w20,p3,i3,260875.27401329787
w20,p3,i4,258113.1120099734
w20,p4,i1,578141.221375
w20,p4,i2,577067.2166921543
w20,p4,i3,576743.1705744681
w20,p4,i4,581822.581706117
w20,p5,i1,377145.17927460105
w20,p5,i2,371379.19406715425
w20,p5,i3,375139.0129800532
w20,p5,i4,373762.29706582444
w20,p6,i1,495945.4041283244
w20,p6,i2,490545.7983636968
w20,p6,i3,493961.67302393616
w20,p6,i4,494277.544137633
w20,p7,i1,421688.8785093085
w20,p7,i2,417882.6935797872
w20,p7,i3,419360.53025598405
w20,p7,i4,421470.3721635638
w20,p8,i1,45964.962036569144
w20,p8,i2,46097.05624601064
w20,p8,i3,45641.56956715425
w20,p8,i4,46578.574331117015
w20,p9,i1,20886.13703523936
w20,p9,i2,20811.219381648934
w20,p9,i3,20859.589043218086
w20,p9,i4,21189.795824468085
w20,p10,i1,196367.29502792552
w20,p10,i2,196252.36716090425
w20,p10,i3,195967.19563031913
w20,p10,i4,199257.43199999997
w20,p11,i1,364624.6668636968
w20,p11,i2,359533.95507912233
w20,p11,i3,363104.97017220745
w20,p11,i4,362068.98472406913
w20,p12,i1,532515.433700133
w20,p12,i2,527183.2611761967
w20,p12,i3,530381.2553098404
w20,p12,i4,530850.9826888298
w20,p13,i1,675844.5108444148
w20,p13,i2,668687.7175618351
w20,p13,i3,673426.0720199468
w20,p13,i4,673185.9373743351
w20,p14,i1,575813.5459587766
w20,p14,i2,571409.9745146276
w20,p14,i3,573270.2984208777
w20,p14,i4,575693.4728098403
w20,p15,i1,307790.2505944149
w20,p15,i2,307236.68844215426
w20,p15,i3,305409.4575079787
w20,p15,i4,308921.721306516
w20,p16,i1,306142.39393351064
w20,p16,i2,300433.8999268617
w20,p16,i3,304540.42871143617
w20,p16,i4,302469.2043284574
w20,p17,i1,378464.05167087767
w20,p17,i2,378027.17817752657
w20,p17,i3,376955.21007646277
w20,p17,i4,381079.9687007979
w20,p18,i1,569902.6740917553
w20,p18,i2,564134.4830405585
w20,p18,i3,568359.4623344415
w20,p18,i4,567888.9180884309
w20,p19,i1,362797.42493284575
w20,p19,i2,362449.59178989363
w20,p19,i3,360994.71782513295
w20,p19,i4,365112.37423404254
w20,p20,i1,124095.07215226063
w20,p20,i2,124749.86994481382
w20,p20,i3,124073.24020146276
w20,p20,i4,125353.72888231382
